,precision,recall,f1-score,support
1 sao,0.8633268482490273,0.685063681976071,0.7639337206800086,2591.0
2 sao,0.07810499359795134,0.25311203319502074,0.11937377690802348,241.0
3 sao,0.09090909090909091,0.05454545454545454,0.06818181818181818,165.0
4 sao,0.15606936416184972,0.22594142259414227,0.18461538461538463,239.0
5 sao,0.6983729662077597,0.6603550295857988,0.6788321167883211,845.0
accuracy,0.6020583190394511,0.6020583190394511,0.6020583190394511,0.6020583190394511
macro avg,0.3773566526251358,0.3758035243792975,0.3629873634347112,4081.0
weighted avg,0.7101516544353283,0.6020583190394511,0.646191513385431,4081.0
