,precision,recall,f1-score,support
1 sao,0.7762803234501348,0.11115399459668082,0.19446320054017555,2591.0
2 sao,0.061313868613138686,0.8713692946058091,0.11456628477905073,241.0
3 sao,0.0,0.0,0.0,165.0
4 sao,0.14705882352941177,0.02092050209205021,0.03663003663003663,239.0
5 sao,0.5506072874493927,0.16094674556213018,0.2490842490842491,845.0
accuracy,0.15657926978681697,0.15657926978681697,0.15657926978681697,0.15657926978681697
macro avg,0.3070520606084156,0.23287810737133405,0.1189487542067024,4081.0
weighted avg,0.6190956082120391,0.15657926978681697,0.18394888421027086,4081.0
