,precision,recall,f1-score,support
1 sao,0.7770522388059702,0.9644924739482825,0.860685379714138,2591.0
2 sao,0.0,0.0,0.0,241.0
3 sao,0.0,0.0,0.0,165.0
4 sao,0.0,0.0,0.0,239.0
5 sao,0.6462427745664739,0.6615384615384615,0.6538011695906433,845.0
accuracy,0.7493261455525606,0.7493261455525606,0.7493261455525606,0.7493261455525606
macro avg,0.2846590026744888,0.32520618709734883,0.3028973098609563,4081.0
weighted avg,0.6271544952842292,0.7493261455525606,0.6818176444850343,4081.0
