,precision,recall,f1-score,support
1 sao,0.0,0.0,0.0,13.0
2 sao,0.1,1.0,0.18181818181818182,1.0
3 sao,0.0,0.0,0.0,1.0
4 sao,0.0,0.0,0.0,1.0
5 sao,0.125,0.25,0.16666666666666666,4.0
accuracy,0.1,0.1,0.1,0.1
macro avg,0.045,0.25,0.0696969696969697,20.0
weighted avg,0.03,0.1,0.04242424242424242,20.0
