epoch,loss,accuracy,val_loss,val_accuracy,lr
0,1.6134544610977173,0.258868932723999,1.4815359115600586,0.15657927095890045,0.001
1,1.5960922241210938,0.2602781653404236,1.7645246982574463,0.06787551939487457,0.001
2,1.6093121767044067,0.27265486121177673,1.6316901445388794,0.1627052128314972,0.001
3,1.5914098024368286,0.25745970010757446,1.5334522724151611,0.31511884927749634,0.0005
