epoch,accuracy,loss,val_accuracy,val_loss,learning_rate
0,0.22499999403953552,4.285329818725586,0.10000000149011612,4.652312278747559,0.0010000000474974513
