epoch,accuracy,loss,val_accuracy,val_loss,learning_rate
0,0.25960418581962585,1.6527130603790283,0.3180592954158783,1.5640541315078735,0.0010000000474974513
1,0.23062312602996826,1.6693085432052612,0.2617005705833435,1.5849294662475586,0.0010000000474974513
2,0.23693400621414185,1.644030213356018,0.32859593629837036,1.549261212348938,0.0010000000474974513
3,0.34293243288993835,1.5167914628982544,0.40333250164985657,1.3264349699020386,0.0010000000474974513
4,0.4560995101928711,1.3978831768035889,0.3660867512226105,1.187733769416809,0.0010000000474974513
5,0.4692727029323578,1.2982532978057861,0.6020582914352417,1.0526970624923706,0.0010000000474974513
6,0.4856932759284973,1.1947474479675293,0.566527783870697,1.0564777851104736,0.0010000000474974513
7,0.47270387411117554,1.1545895338058472,0.4900759756565094,1.1318973302841187,0.0010000000474974513
8,0.503032922744751,1.0785213708877563,0.7113452553749084,1.0599110126495361,0.0005000000237487257
