{
  "model_key": "rnn",
  "model_name": "SimpleRNN",
  "parameters": 3460737,
  "epochs_trained": 10,
  "training_seconds": 441.33077030000004,
  "inference_ms_per_sample": 0.18331617250673854,
  "validation_samples": 4081,
  "config": {
    "max_words": 50000,
    "max_len": 200,
    "embedding_dim": 128,
    "dropout_rate": 0.3,
    "num_classes": 5,
    "batch_size": 128,
    "epochs": 10,
    "validation_split": 0.2,
    "seed": 42,
    "max_samples": 100000,
    "use_class_weights": true,
    "output_dir": "outputs/rnn",
    "rnn_units": 128
  },
  "class_weights": {
    "1": 0.31501640609920867,
    "2": 3.389615784008307,
    "3": 4.938275340393344,
    "4": 3.4180104712041883,
    "5": 0.9657396449704142
  },
  "metrics": {
    "accuracy": 0.3393776035285469,
    "macro_precision": 0.42542429600158177,
    "macro_recall": 0.39104570666148797,
    "macro_f1": 0.2718485093799134,
    "weighted_f1": 0.4142842008468462,
    "rating_mae": 0.8149963244302867,
    "rating_mse": 1.0555427074432373
  }
}