{
  "model_key": "rnn",
  "model_name": "SimpleRNN",
  "parameters": 3460997,
  "epochs_trained": 9,
  "training_seconds": 209.81440079200547,
  "inference_ms_per_sample": 1.4967531548823028,
  "validation_samples": 4081,
  "config": {
    "max_words": 50000,
    "max_len": 200,
    "embedding_dim": 128,
    "dropout_rate": 0.3,
    "num_classes": 5,
    "batch_size": 128,
    "epochs": 10,
    "validation_split": 0.2,
    "seed": 42,
    "max_samples": null,
    "use_class_weights": true,
    "output_dir": "outputs/rnn",
    "rnn_units": 128
  },
  "metrics": {
    "accuracy": 0.6020583190394511,
    "macro_precision": 0.3773566526251358,
    "macro_recall": 0.3758035243792975,
    "macro_f1": 0.3629873634347112,
    "weighted_f1": 0.646191513385431,
    "rating_mae": 0.5858858123009066
  }
}