{
  "model_key": "rnn",
  "model_name": "SimpleRNN",
  "parameters": 3460997,
  "epochs_trained": 10,
  "training_seconds": 174.22601716697682,
  "inference_ms_per_sample": 0.9882632217430906,
  "validation_samples": 4081,
  "config": {
    "max_words": 50000,
    "max_len": 200,
    "embedding_dim": 128,
    "dropout_rate": 0.3,
    "num_classes": 5,
    "batch_size": 128,
    "epochs": 10,
    "validation_split": 0.2,
    "seed": 42,
    "max_samples": null,
    "use_class_weights": false,
    "output_dir": "outputs/rnn",
    "rnn_units": 128
  },
  "metrics": {
    "accuracy": 0.6481254594462141,
    "macro_precision": 0.24917542060478395,
    "macro_recall": 0.21453552237033519,
    "macro_f1": 0.18449883103645331,
    "weighted_f1": 0.527384912466397,
    "rating_mae": 1.0830678755207057
  }
}