,precision,recall,f1-score,support
1 sao,0.9089635854341737,0.7514473176379776,0.8227339953517854,2591.0
2 sao,0.14494875549048317,0.4107883817427386,0.21428571428571427,241.0
3 sao,0.20320855614973263,0.23030303030303031,0.2159090909090909,165.0
4 sao,0.375,0.2510460251046025,0.3007518796992481,239.0
5 sao,0.7370737073707371,0.7928994082840237,0.7639680729760547,845.0
accuracy,0.6895368782161235,0.6895368782161235,0.6895368782161235,0.6895368782161235
macro avg,0.47383892088902535,0.48729683261447454,0.4635297506443786,4081.0
weighted avg,0.768448663177194,0.6895368782161235,0.7195305954452877,4081.0
