,precision,recall,f1-score,support
1 sao,0.8826086956521739,0.8618294094944037,0.8720952938879125,2591.0
2 sao,0.1558139534883721,0.27800829875518673,0.19970193740685543,241.0
3 sao,0.16568047337278108,0.1696969696969697,0.16766467065868262,165.0
4 sao,0.4067796610169492,0.100418410041841,0.1610738255033557,239.0
5 sao,0.7659574468085106,0.8094674556213017,0.7871116225546605,845.0
accuracy,0.7439353099730458,0.7439353099730458,0.7439353099730458,0.7439353099730458
macro avg,0.47536804606775734,0.4438841087219406,0.4375294700022933,4081.0
weighted avg,0.7586821741897161,0.7439353099730458,0.7446698626295776,4081.0
