,precision,recall,f1-score,support
1 sao,0.8545018829168093,0.9633346198379005,0.9056603773584906,2591.0
2 sao,0.0,0.0,0.0,241.0
3 sao,0.0,0.0,0.0,165.0
4 sao,0.0,0.0,0.0,239.0
5 sao,0.6586206896551724,0.9041420118343195,0.7620947630922693,845.0
accuracy,0.7988238176917423,0.7988238176917423,0.7988238176917423,0.7988238176917423
macro avg,0.3026245145143963,0.373495326334444,0.333551028090152,4081.0
weighted avg,0.6788896989453745,0.7988238176917423,0.7327949307887324,4081.0
