,precision,recall,f1-score,support
1 sao,0.92,0.01775376302585874,0.03483528966300644,2591.0
2 sao,0.05982324949014276,0.3651452282157676,0.102803738317757,241.0
3 sao,0.05452035886818495,0.47878787878787876,0.09789343246592318,165.0
4 sao,0.14606741573033707,0.3807531380753138,0.2111368909512761,239.0
5 sao,0.7991803278688525,0.46153846153846156,0.5851462865716429,845.0
accuracy,0.170056358735604,0.170056358735604,0.170056358735604,0.170056358735604
macro avg,0.39591827039150346,0.3407956939286561,0.20636312759392111,4081.0
weighted avg,0.7638693339252894,0.170056358735604,0.16566936581688305,4081.0
