rating,weight
1,0.31501640609920867
2,3.389615784008307
3,4.938275340393344
4,3.4180104712041883
5,0.9657396449704142
