,precision,recall,f1-score,support
1 sao,0.9342403628117913,0.6360478579698958,0.7568312284730195,2591.0
2 sao,0.11360239162929746,0.3153526970954357,0.16703296703296702,241.0
3 sao,0.11064718162839249,0.3212121212121212,0.16459627329192547,165.0
4 sao,0.1987179487179487,0.1297071129707113,0.1569620253164557,239.0
5 sao,0.6959526159921027,0.834319526627219,0.7588805166846071,845.0
accuracy,0.6157804459691252,0.6157804459691252,0.6157804459691252,0.6157804459691252
macro avg,0.4106321001559065,0.4473278631750766,0.40086060215979497,4081.0
weighted avg,0.7600650065311475,0.6157804459691252,0.663349915160704,4081.0
