epoch,accuracy,loss,val_accuracy,val_loss,learning_rate
0,0.6457937359809875,1.7290161848068237,0.7882871627807617,1.1080546379089355,0.0010000000474974513
1,0.7851234674453735,0.9761896133422852,0.79710853099823,0.8818782567977905,0.0010000000474974513
2,0.8080999851226807,0.756600558757782,0.7988238334655762,0.8281833529472351,0.0010000000474974513
3,0.8182096481323242,0.6501851081848145,0.7980887293815613,0.8763644695281982,0.0010000000474974513
4,0.8248881697654724,0.5773942470550537,0.7792207598686218,0.9055107235908508,0.0010000000474974513
5,0.8372036218643188,0.5076737403869629,0.7689291834831238,1.0037457942962646,0.0005000000237487257
