epoch,accuracy,loss,val_accuracy,val_loss,learning_rate
0,0.7364131808280945,0.8610760569572449,0.7990688681602478,0.6371609568595886,0.0010000000474974513
1,0.8046075701713562,0.6244304180145264,0.772604763507843,0.7198097705841064,0.0010000000474974513
2,0.8237853050231934,0.5242310166358948,0.8022543787956238,0.7717476487159729,0.0010000000474974513
3,0.8397769927978516,0.45014309883117676,0.7902474999427795,0.8078101873397827,0.0005000000237487257
