epoch,loss,accuracy,mse,rmse,mae,val_loss,val_accuracy,val_mse,val_rmse,val_mae,lr
0,1.8120263814926147,0.19140984117984772,2.245746612548828,1.4985815286636353,1.2598528861999512,0.9468598961830139,0.265866219997406,1.349869728088379,1.1618388891220093,0.986247718334198,0.001
1,1.0297468900680542,0.3841676414012909,1.1369839906692505,1.066294550895691,0.8449389934539795,0.9909355640411377,0.2043616771697998,1.5490260124206543,1.2445987462997437,1.0611222982406616,0.001
2,0.7981191873550415,0.4809141457080841,0.8569355607032776,0.9257081151008606,0.7079663872718811,0.8985838890075684,0.5064935088157654,0.8419873714447021,0.9175987243652344,0.686646044254303,0.001
3,0.7140030860900879,0.5309723615646362,0.7368216514587402,0.8583831191062927,0.6437720656394958,0.8169630169868469,0.45797598361968994,0.9011058807373047,0.9492659568786621,0.7124273777008057,0.001
4,0.6124438643455505,0.5856871604919434,0.6178783178329468,0.7860523462295532,0.5769772529602051,0.8711749911308289,0.5300171375274658,0.8024165630340576,0.8957770466804504,0.6553617119789124,0.001
5,0.5694600343704224,0.6114208698272705,0.5561665296554565,0.7457656860351562,0.5463931560516357,0.9344375133514404,0.5667728781700134,0.8589383959770203,0.9267892837524414,0.6405439376831055,0.001
6,0.4840107560157776,0.6619692444801331,0.45109355449676514,0.6716349720954895,0.48343801498413086,0.9846829175949097,0.583190381526947,0.88242107629776,0.939372718334198,0.6457903385162354,0.0005
