epoch,accuracy,loss,val_accuracy,val_loss,learning_rate
0,0.21169045567512512,2.7313239574432373,0.6650331020355225,1.828822135925293,0.0010000000474974513
1,0.34458673000335693,1.9801115989685059,0.4234256446361542,1.6035003662109375,0.0010000000474974513
2,0.49733471870422363,1.544095754623413,0.5777995586395264,1.302168846130371,0.0010000000474974513
3,0.524906575679779,1.355041742324829,0.6157804727554321,1.2189027070999146,0.0010000000474974513
4,0.5762514472007751,1.226409912109375,0.5677530169487,1.3006045818328857,0.0010000000474974513
5,0.6463451981544495,1.0900015830993652,0.5655476450920105,1.4154146909713745,0.0010000000474974513
6,0.697506308555603,0.948144257068634,0.6385689973831177,1.3127421140670776,0.0005000000237487257
