epoch,loss,accuracy,val_loss,val_accuracy,lr
0,1.4405771493911743,0.39911770820617676,0.97012859582901,0.6861063241958618,0.001
1,1.1360169649124146,0.5979412794113159,0.9644736647605896,0.6701788902282715,0.001
2,0.9375858902931213,0.6748973727226257,0.837516725063324,0.6895368695259094,0.001
3,0.7615100741386414,0.7315728068351746,1.0634498596191406,0.6067140698432922,0.001
4,0.5968791246414185,0.7814472317695618,1.227088451385498,0.6040186285972595,0.001
5,0.3815779387950897,0.859567403793335,1.315170407295227,0.6464101672172546,0.0005
