epoch,accuracy,loss,val_accuracy,val_loss,learning_rate
0,0.33815330266952515,1.6490318775177002,0.6657682061195374,0.9908913969993591,0.0010000000474974513
1,0.5285828113555908,1.3242930173873901,0.7439352869987488,0.7642781734466553,0.0010000000474974513
2,0.628637969493866,1.096814513206482,0.6152903437614441,1.0085004568099976,0.0010000000474974513
3,0.6911340951919556,0.9375889301300049,0.5547659993171692,1.3710825443267822,0.0010000000474974513
4,0.7510569095611572,0.7633563876152039,0.5376133322715759,1.5231345891952515,0.0005000000237487257
