{
  "model_key": "transformer",
  "model_name": "Transformer Encoder",
  "parameters": 3585921,
  "epochs_trained": 4,
  "training_seconds": 26.37183387496043,
  "inference_ms_per_sample": 0.14891316468401358,
  "validation_samples": 4081,
  "config": {
    "max_words": 50000,
    "max_len": 200,
    "embedding_dim": 128,
    "dropout_rate": 0.3,
    "num_classes": 5,
    "batch_size": 128,
    "epochs": 10,
    "validation_split": 0.2,
    "seed": 42,
    "max_samples": null,
    "use_class_weights": true,
    "output_dir": "outputs/transformer",
    "num_heads": 4,
    "ff_dim": 256,
    "transformer_blocks": 1
  },
  "metrics": {
    "accuracy": 0.170056358735604,
    "macro_precision": 0.39591827039150346,
    "macro_recall": 0.3407956939286561,
    "macro_f1": 0.20636312759392111,
    "weighted_f1": 0.16566936581688305,
    "rating_mae": 1.2031364861553542,
    "rating_mse": 1.9747450351715088
  }
}