{
  "model_key": "transformer",
  "model_name": "Transformer Encoder",
  "parameters": 3586181,
  "epochs_trained": 5,
  "training_seconds": 50.821764040971175,
  "inference_ms_per_sample": 0.22567178191047976,
  "validation_samples": 4081,
  "config": {
    "max_words": 50000,
    "max_len": 200,
    "embedding_dim": 128,
    "dropout_rate": 0.3,
    "num_classes": 5,
    "batch_size": 128,
    "epochs": 10,
    "validation_split": 0.2,
    "seed": 42,
    "max_samples": null,
    "use_class_weights": true,
    "output_dir": "outputs/transformer",
    "num_heads": 4,
    "ff_dim": 256,
    "transformer_blocks": 1
  },
  "metrics": {
    "accuracy": 0.7439353099730458,
    "macro_precision": 0.47536804606775734,
    "macro_recall": 0.4438841087219406,
    "macro_f1": 0.4375294700022933,
    "weighted_f1": 0.7446698626295776,
    "rating_mae": 0.40749816221514334
  }
}