{
  "model_key": "rnn_fold_3",
  "model_name": "SimpleRNN (Fold 3)",
  "parameters": 2700593,
  "epochs_trained": 7,
  "training_seconds": 155.22351999999955,
  "inference_ms_per_sample": 1.4253029411752234,
  "validation_samples": 4080,
  "config": {
    "k_folds": 5,
    "max_words": 50000,
    "max_len": 200,
    "embedding_dim": 100,
    "dropout_rate": 0.5,
    "l2_rate": 0.01,
    "num_classes": 5,
    "batch_size": 128,
    "epochs": 10,
    "validation_split": 0.2,
    "seed": 42,
    "max_samples": null,
    "use_class_weights": false,
    "output_dir": "outputs/rnn",
    "rnn_units": 128
  },
  "metrics": {
    "accuracy": 0.6551470588235294,
    "macro_precision": 0.27130203405618664,
    "macro_recall": 0.21988677237318988,
    "macro_f1": 0.19329076189717342,
    "weighted_f1": 0.5384349852040539,
    "rating_mae": 1.0502450980392157
  }
}