{
  "model_key": "rnn_fold_5",
  "model_name": "SimpleRNN (Fold 5)",
  "parameters": 2704893,
  "epochs_trained": 10,
  "training_seconds": 214.79165754199494,
  "inference_ms_per_sample": 1.958440716906825,
  "validation_samples": 4080,
  "config": {
    "k_folds": 5,
    "max_words": 50000,
    "max_len": 200,
    "embedding_dim": 100,
    "dropout_rate": 0.5,
    "l2_rate": 0.01,
    "num_classes": 5,
    "batch_size": 128,
    "epochs": 10,
    "validation_split": 0.2,
    "seed": 42,
    "max_samples": null,
    "use_class_weights": false,
    "output_dir": "outputs/rnn",
    "rnn_units": 128
  },
  "metrics": {
    "accuracy": 0.7504901960784314,
    "macro_precision": 0.2874379287848775,
    "macro_recall": 0.32112448881679645,
    "macro_f1": 0.301736533316963,
    "weighted_f1": 0.6810957271737255,
    "rating_mae": 0.6171568627450981
  }
}