,precision,recall,f1-score,support
1 sao,0.8908930928288605,0.781551524507912,0.8326480263157895,2591.0
2 sao,0.1310344827586207,0.3153526970954357,0.1851400730816078,241.0
3 sao,0.2217391304347826,0.3090909090909091,0.2582278481012658,165.0
4 sao,0.27802690582959644,0.2594142259414226,0.2683982683982684,239.0
5 sao,0.7612903225806451,0.6982248520710059,0.7283950617283951,845.0
accuracy,0.6870864984072531,0.6870864984072531,0.6870864984072531,0.6870864984072531
macro avg,0.45659678688650107,0.472726841741337,0.45456185552506534,4081.0
weighted avg,0.7562384277040095,0.6870864984072531,0.7165543744281466,4081.0
