,precision,recall,f1-score,support
1 sao,0.8479707252162342,0.9837900424546507,0.9108450955869216,2591.0
2 sao,0.0,0.0,0.0,241.0
3 sao,0.38095238095238093,0.048484848484848485,0.08602150537634409,165.0
4 sao,0.42,0.08786610878661087,0.1453287197231834,239.0
5 sao,0.7477567298105683,0.8875739644970414,0.8116883116883117,845.0
accuracy,0.8154864003920608,0.8154864003920608,0.8154864003920608,0.8154864003920608
macro avg,0.4793359671958367,0.4015429928446303,0.39077672647495215,4081.0
weighted avg,0.7331986592948629,0.8154864003920608,0.7583443710961222,4081.0
