,precision,recall,f1-score,support
1 sao,0.9271229404309252,0.5646468544963335,0.7018469656992085,2591.0
2 sao,0.10270270270270271,0.4730290456431535,0.1687638786084382,241.0
3 sao,0.10674157303370786,0.34545454545454546,0.1630901287553648,165.0
4 sao,0.19089316987740806,0.4560669456066946,0.2691358024691358,239.0
5 sao,0.8576388888888888,0.2923076923076923,0.43601059135039716,845.0
accuracy,0.4876255819652046,0.4876255819652046,0.4876255819652046,0.4876255819652046
macro avg,0.43701985498672646,0.4263010167016839,0.34776947337650893,4081.0
weighted avg,0.7877646601985425,0.4876255819652046,0.5681989366814817,4081.0
