,precision,recall,f1-score,support
1 sao,0.9514285714285714,0.2570436125048244,0.4047402005469462,2591.0
2 sao,0.07400828892835998,0.5186721991701245,0.12953367875647667,241.0
3 sao,0.09249329758713137,0.41818181818181815,0.15148188803512624,165.0
4 sao,0.18864774624373956,0.47280334728033474,0.26968973747016706,239.0
5 sao,0.8328530259365994,0.34201183431952664,0.4848993288590604,845.0
accuracy,0.3092379318794413,0.3092379318794413,0.3092379318794413,0.3092379318794413
macro avg,0.42788618602488027,0.4017425622913257,0.2880689667335553,4081.0
weighted avg,0.7956619550535946,0.3092379318794413,0.38693696835690283,4081.0
