,precision,recall,f1-score,support
1 sao,0.9226981782373215,0.72327286761868,0.8109043704024232,2591.0
2 sao,0.12551724137931033,0.3775933609958506,0.18840579710144928,241.0
3 sao,0.17721518987341772,0.3393939393939394,0.23284823284823286,165.0
4 sao,0.3532608695652174,0.2719665271966527,0.3073286052009456,239.0
5 sao,0.7915151515151515,0.7727810650887574,0.7820359281437126,845.0
accuracy,0.6711590296495957,0.6711590296495957,0.6711590296495957,0.6711590296495957
macro avg,0.4740413261140837,0.49700155205877605,0.46430458673935265,4081.0
weighted avg,0.7849695643643269,0.6711590296495957,0.7153028363534794,4081.0
