,precision,recall,f1-score,support
1 sao,0.8632799181725196,0.9772288691624855,0.9167270094134685,2591.0
2 sao,0.16666666666666666,0.008298755186721992,0.015810276679841896,241.0
3 sao,0.3,0.03636363636363636,0.06486486486486487,165.0
4 sao,0.32142857142857145,0.03765690376569038,0.06741573033707865,239.0
5 sao,0.7095588235294118,0.9136094674556213,0.7987584066218314,845.0
accuracy,0.8137711345258515,0.8137711345258515,0.8137711345258515,0.8137711345258515
macro avg,0.47218679595943386,0.39463152638683113,0.37271525758341706,4081.0
weighted avg,0.735805824333606,0.8137711345258515,0.754916901229809,4081.0
