epoch,accuracy,loss,val_accuracy,val_loss,learning_rate
0,0.7397831082344055,0.8306915163993835,0.808625340461731,0.6011115312576294,0.0010000000474974513
1,0.8217021226882935,0.5569096803665161,0.8154863715171814,0.5674546957015991,0.0010000000474974513
2,0.8387353420257568,0.47616586089134216,0.8164665699005127,0.5912660360336304,0.0010000000474974513
3,0.8566877245903015,0.4120499789714813,0.8066650032997131,0.6899070143699646,0.0010000000474974513
4,0.8800318837165833,0.34537434577941895,0.8015192151069641,0.7441086769104004,0.0005000000237487257
