epoch,accuracy,loss,val_accuracy,val_loss,learning_rate
0,0.44188469648361206,1.4103538990020752,0.5496202111244202,1.0992854833602905,0.0010000000474974513
1,0.597512423992157,1.1214349269866943,0.671159029006958,0.8795812129974365,0.0010000000474974513
2,0.6821885704994202,0.9456820487976074,0.6143102049827576,0.9260179996490479,0.0010000000474974513
3,0.7342074513435364,0.8347631096839905,0.5785346627235413,1.0757817029953003,0.0010000000474974513
4,0.7767906188964844,0.6878769397735596,0.6138201355934143,0.9549233913421631,0.0005000000237487257
