epoch,loss,accuracy,mse,rmse,mae,val_loss,val_accuracy,val_mse,val_rmse,val_mae,lr
0,2.3807930946350098,0.20825929939746857,2.5221307277679443,1.588121771812439,1.3132965564727783,0.9233121871948242,0.27689293026924133,1.1829503774642944,1.0876352787017822,0.913063645362854,0.001
1,0.9494256377220154,0.38128790259361267,1.1183314323425293,1.0575119256973267,0.8502823114395142,0.8445063829421997,0.30923792719841003,1.1223973035812378,1.0594325065612793,0.8779182434082031,0.001
2,0.7388777732849121,0.46614789962768555,0.8493973016738892,0.9216275215148926,0.7188129425048828,0.9477434158325195,0.47218817472457886,0.8815518617630005,0.9389099478721619,0.7197418808937073,0.001
3,0.639251708984375,0.5261319875717163,0.7302429676055908,0.8545425534248352,0.6514414548873901,0.975847601890564,0.4484195113182068,0.9397141337394714,0.9693885445594788,0.747272789478302,0.001
4,0.5398441553115845,0.587586522102356,0.5979495048522949,0.773271918296814,0.5747264623641968,0.8806755542755127,0.4841950535774231,0.8728689551353455,0.9342745542526245,0.7035388946533203,0.0005
