epoch,accuracy,loss,mse,val_accuracy,val_loss,val_mse,learning_rate
0,0.14980699121952057,2.2344846725463867,2.466373920440674,0.26292574405670166,1.2419724464416504,1.2419724464416504,0.0010000000474974513
1,0.3277372717857361,0.9612051844596863,1.1526368856430054,0.32859593629837036,1.0941535234451294,1.0941535234451294,0.0010000000474974513
2,0.4019974172115326,0.7329736948013306,0.9093809723854065,0.3984317481517792,0.9994441270828247,0.9994441270828247,0.0010000000474974513
3,0.43079468607902527,0.6362087726593018,0.819030225276947,0.42832639813423157,0.981582760810852,0.981582760810852,0.0010000000474974513
4,0.3733227252960205,0.9900802373886108,1.3058288097381592,0.36584171652793884,1.1746224164962769,1.1746224164962769,0.0010000000474974513
5,0.3756510019302368,0.8719645738601685,1.1079376935958862,0.32026463747024536,1.2078737020492554,1.2078737020492554,0.0010000000474974513
6,0.449482262134552,0.5768261551856995,0.740628182888031,0.36241117119789124,1.1626920700073242,1.1626920700073242,0.0005000000237487257
