{
  "model_key": "bilstm_attention",
  "model_name": "BiLSTM + Attention",
  "parameters": 3765509,
  "epochs_trained": 5,
  "training_seconds": 102.76678754098248,
  "inference_ms_per_sample": 0.5403470862551856,
  "validation_samples": 4081,
  "config": {
    "max_words": 50000,
    "max_len": 200,
    "embedding_dim": 128,
    "dropout_rate": 0.3,
    "num_classes": 5,
    "batch_size": 128,
    "epochs": 10,
    "validation_split": 0.2,
    "seed": 42,
    "max_samples": null,
    "use_class_weights": false,
    "output_dir": "outputs/bilstm_attention",
    "lstm_units": 128
  },
  "metrics": {
    "accuracy": 0.8154864003920608,
    "macro_precision": 0.4793359671958367,
    "macro_recall": 0.4015429928446303,
    "macro_f1": 0.39077672647495215,
    "weighted_f1": 0.7583443710961222,
    "rating_mae": 0.339867679490321
  }
}