{
  "model_key": "bilstm_attention",
  "model_name": "BiLSTM + Attention",
  "parameters": 2988817,
  "epochs_trained": 10,
  "training_seconds": 308.4682985829422,
  "inference_ms_per_sample": 0.810331985556617,
  "validation_samples": 4081,
  "config": {
    "max_words": 50000,
    "max_len": 200,
    "embedding_dim": 100,
    "dropout_rate": 0.5,
    "l2_rate": 0.01,
    "num_classes": 5,
    "batch_size": 128,
    "epochs": 10,
    "validation_split": 0.2,
    "seed": 42,
    "max_samples": null,
    "use_class_weights": false,
    "output_dir": "outputs/bilstm_attention",
    "lstm_units": 128
  },
  "metrics": {
    "accuracy": 0.8137711345258515,
    "macro_precision": 0.47218679595943386,
    "macro_recall": 0.39463152638683113,
    "macro_f1": 0.37271525758341706,
    "weighted_f1": 0.754916901229809,
    "rating_mae": 0.33276157804459694
  }
}