{
  "model_key": "bilstm_attention",
  "model_name": "BiLSTM + Attention",
  "parameters": 3765249,
  "epochs_trained": 5,
  "training_seconds": 45.9276802,
  "inference_ms_per_sample": 0.6309139426611113,
  "validation_samples": 4081,
  "config": {
    "max_words": 50000,
    "max_len": 200,
    "embedding_dim": 128,
    "dropout_rate": 0.3,
    "num_classes": 5,
    "batch_size": 128,
    "epochs": 10,
    "validation_split": 0.2,
    "seed": 42,
    "max_samples": 100000,
    "use_class_weights": true,
    "output_dir": "outputs/bilstm_attention",
    "lstm_units": 128
  },
  "class_weights": {
    "1": 0.31501640609920867,
    "2": 3.389615784008307,
    "3": 4.938275340393344,
    "4": 3.4180104712041883,
    "5": 0.9657396449704142
  },
  "metrics": {
    "accuracy": 0.3092379318794413,
    "macro_precision": 0.42788618602488027,
    "macro_recall": 0.4017425622913257,
    "macro_f1": 0.2880689667335553,
    "weighted_f1": 0.38693696835690283,
    "rating_mae": 0.8551825532957609,
    "rating_mse": 1.1223973035812378
  }
}