{
  "model_key": "bilstm_attention",
  "model_name": "BiLSTM + Attention",
  "parameters": 2988817,
  "epochs_trained": 10,
  "training_seconds": 219.360300750006,
  "inference_ms_per_sample": 0.606511251410322,
  "validation_samples": 4081,
  "config": {
    "max_words": 50000,
    "max_len": 200,
    "embedding_dim": 100,
    "dropout_rate": 0.5,
    "l2_rate": 0.01,
    "num_classes": 5,
    "batch_size": 128,
    "epochs": 10,
    "validation_split": 0.2,
    "seed": 42,
    "max_samples": null,
    "use_class_weights": true,
    "output_dir": "outputs/bilstm_attention",
    "lstm_units": 128
  },
  "metrics": {
    "accuracy": 0.6714040676304828,
    "macro_precision": 0.4702483614211997,
    "macro_recall": 0.5169324150372285,
    "macro_f1": 0.47194736464633175,
    "weighted_f1": 0.717567834452852,
    "rating_mae": 0.4533202646410194
  }
}