{
  "model_key": "bilstm_attention",
  "model_name": "BiLSTM + Attention",
  "parameters": 3765509,
  "epochs_trained": 10,
  "training_seconds": 59.51966430000001,
  "inference_ms_per_sample": 0.3309499387405048,
  "validation_samples": 4081,
  "config": {
    "max_words": 50000,
    "max_len": 200,
    "embedding_dim": 128,
    "dropout_rate": 0.3,
    "num_classes": 5,
    "batch_size": 128,
    "epochs": 10,
    "validation_split": 0.2,
    "seed": 42,
    "max_samples": 100000,
    "use_class_weights": true,
    "output_dir": "outputs/bilstm_attention",
    "lstm_units": 128
  },
  "metrics": {
    "accuracy": 0.6870864984072531,
    "macro_precision": 0.45659678688650107,
    "macro_recall": 0.472726841741337,
    "macro_f1": 0.45456185552506534,
    "weighted_f1": 0.7165543744281466,
    "rating_mae": 0.4751286449399657
  }
}