{
  "model_key": "bilstm_attention_fold_3",
  "model_name": "BiLSTM + Attention (Fold 3)",
  "parameters": 2980017,
  "epochs_trained": 10,
  "training_seconds": 223.46191633399576,
  "inference_ms_per_sample": 0.5687371833368624,
  "validation_samples": 4080,
  "config": {
    "k_folds": 5,
    "max_words": 50000,
    "max_len": 200,
    "embedding_dim": 100,
    "dropout_rate": 0.5,
    "l2_rate": 0.01,
    "num_classes": 5,
    "batch_size": 128,
    "epochs": 10,
    "validation_split": 0.2,
    "seed": 42,
    "max_samples": null,
    "use_class_weights": false,
    "output_dir": "outputs/bilstm_attention",
    "lstm_units": 128
  },
  "metrics": {
    "accuracy": 0.816421568627451,
    "macro_precision": 0.46309851015168657,
    "macro_recall": 0.3948502110417098,
    "macro_f1": 0.3731260038537184,
    "weighted_f1": 0.7578101606813019,
    "rating_mae": 0.32426470588235295
  }
}