{
  "model_key": "rnn_fold_4",
  "model_name": "SimpleRNN (Fold 4)",
  "parameters": 2709193,
  "epochs_trained": 10,
  "training_seconds": 217.2505733750295,
  "inference_ms_per_sample": 1.5708279821053879,
  "validation_samples": 4080,
  "config": {
    "k_folds": 5,
    "max_words": 50000,
    "max_len": 200,
    "embedding_dim": 100,
    "dropout_rate": 0.5,
    "l2_rate": 0.01,
    "num_classes": 5,
    "batch_size": 128,
    "epochs": 10,
    "validation_split": 0.2,
    "seed": 42,
    "max_samples": null,
    "use_class_weights": false,
    "output_dir": "outputs/rnn",
    "rnn_units": 128
  },
  "metrics": {
    "accuracy": 0.717156862745098,
    "macro_precision": 0.26586880100506033,
    "macro_recall": 0.33725343263804797,
    "macro_f1": 0.29315311054109283,
    "weighted_f1": 0.6661692829363003,
    "rating_mae": 0.7490196078431373
  }
}