{
  "model_key": "bilstm_attention_fold_4",
  "model_name": "BiLSTM + Attention (Fold 4)",
  "parameters": 2988617,
  "epochs_trained": 10,
  "training_seconds": 220.26454941695556,
  "inference_ms_per_sample": 0.5511196997580484,
  "validation_samples": 4080,
  "config": {
    "k_folds": 5,
    "max_words": 50000,
    "max_len": 200,
    "embedding_dim": 100,
    "dropout_rate": 0.5,
    "l2_rate": 0.01,
    "num_classes": 5,
    "batch_size": 128,
    "epochs": 10,
    "validation_split": 0.2,
    "seed": 42,
    "max_samples": null,
    "use_class_weights": false,
    "output_dir": "outputs/bilstm_attention",
    "lstm_units": 128
  },
  "metrics": {
    "accuracy": 0.8181372549019608,
    "macro_precision": 0.5977555847060244,
    "macro_recall": 0.40075589035878145,
    "macro_f1": 0.37929789925160684,
    "weighted_f1": 0.7591848627039761,
    "rating_mae": 0.3232843137254902
  }
}