Model,Accuracy,Macro Precision,Macro Recall,Macro F1,Weighted F1,Rating MAE,Rating MSE,Parameters,Epochs,Training seconds,Inference ms/sample
SimpleRNN,0.15657926978681697,0.3070520606084156,0.23287810737133405,0.1189487542067024,0.18394888421027086,1.2837539818671895,0.0,3460997,4,133.8114591,0.3691020338152419
BiLSTM + Attention,0.4876255819652046,0.43701985498672646,0.4263010167016839,0.34776947337650893,0.5681989366814817,0.6525361431021809,0.9815828800201416,3765249,7,148.4689448750578,0.5717565138595846
Transformer Encoder,0.170056358735604,0.39591827039150346,0.3407956939286561,0.20636312759392111,0.16566936581688305,1.2031364861553542,1.9747450351715088,3585921,4,26.37183387496043,0.14891316468401358
