Model,Accuracy,Macro Precision,Macro Recall,Macro F1,Weighted F1,Rating MAE,Parameters,Epochs,Training seconds,Inference ms/sample
SimpleRNN,0.6481254594462141,0.24917542060478395,0.21453552237033519,0.18449883103645331,0.527384912466397,1.0830678755207057,3460997,10,174.22601716697682,0.9882632217430906
BiLSTM + Attention,0.8154864003920608,0.4793359671958367,0.4015429928446303,0.39077672647495215,0.7583443710961222,0.339867679490321,3765509,5,102.76678754098248,0.5403470862551856
Transformer Encoder,0.7990688556726293,0.477998029962783,0.38164864059933234,0.34603924739415354,0.7363673713051321,0.39990198480764516,3586181,4,27.313440750003792,0.1371514028304751
