Model,Accuracy,Macro Precision,Macro Recall,Macro F1,Weighted F1,Rating MAE,Rating MSE,Parameters,Epochs,Training seconds,Inference ms/sample
SimpleRNN,0.3393776035285469,0.42542429600158177,0.39104570666148797,0.2718485093799134,0.4142842008468462,0.8149963244302867,1.0555427074432373,3460737,10,441.33077030000004,0.18331617250673854
BiLSTM + Attention,0.3092379318794413,0.42788618602488027,0.4017425622913257,0.2880689667335553,0.38693696835690283,0.8551825532957609,1.1223973035812378,3765249,5,45.9276802,0.6309139426611113
Transformer Encoder,0.45797598627787306,0.43252957901851674,0.43217558208659135,0.3535565371815957,0.5489004984080212,0.6765498652291105,0.9011059403419495,3585921,7,35.2570962,0.13351801029159588
