Model,Accuracy,Macro Precision,Macro Recall,Macro F1,Weighted F1,Rating MAE,Parameters,Epochs,Training seconds,Inference ms/sample
SimpleRNN,0.15657926978681697,0.3070520606084156,0.23287810737133405,0.1189487542067024,0.18394888421027086,1.2837539818671895,3460997,4,133.8114591,0.3691020338152419
BiLSTM + Attention,0.6870864984072531,0.45659678688650107,0.472726841741337,0.45456185552506534,0.7165543744281466,0.4751286449399657,3765509,10,59.51966430000001,0.3309499387405048
Transformer Encoder,0.6895368782161235,0.47383892088902535,0.48729683261447454,0.4635297506443786,0.7195305954452877,0.47316834109286937,3586181,6,26.1655707,0.0986620681205588
