Model,Accuracy,Macro Precision,Macro Recall,Macro F1,Weighted F1,Rating MAE,Parameters,Epochs,Training seconds,Inference ms/sample
SimpleRNN,0.7493261455525606,0.2846590026744888,0.32520618709734883,0.3028973098609563,0.6818176444850343,0.6287674589561382,2709393,10,235.36492358299438,1.4516281345012514
BiLSTM + Attention,0.8137711345258515,0.47218679595943386,0.39463152638683113,0.37271525758341706,0.754916901229809,0.33276157804459694,2988817,10,308.4682985829422,0.810331985556617
Transformer Encoder,0.7988238176917423,0.3026245145143963,0.373495326334444,0.333551028090152,0.7327949307887324,0.40088213673119333,2790645,6,56.42191712500062,0.18586632149228752
