Model,Accuracy,Macro Precision,Macro Recall,Macro F1,Weighted F1,Rating MAE,Parameters,Epochs,Training seconds,Inference ms/sample
SimpleRNN,0.6020583190394511,0.3773566526251358,0.3758035243792975,0.3629873634347112,0.646191513385431,0.5858858123009066,3460997,9,209.81440079200547,1.4967531548823028
BiLSTM + Attention,0.6711590296495957,0.4740413261140837,0.49700155205877605,0.46430458673935265,0.7153028363534794,0.450624846851262,3765509,5,157.6825930409832,0.7941499326211058
Transformer Encoder,0.7439353099730458,0.47536804606775734,0.4438841087219406,0.4375294700022933,0.7446698626295776,0.40749816221514334,3586181,5,50.821764040971175,0.22567178191047976
