epoch,accuracy,learning_rate,loss,val_accuracy,val_loss
0,0.6857826113700867,0.0003000000142492354,1.4259148836135864,0.7208731770515442,1.0610437393188477
